#1000manxwords #1000manxwords
#Cymraeg #Cymraeg
#Gaeilge #Gaeilge
#Gaelg #Gaelg
#Gaelic #Gaelic
#Gàidhlig #Gàidhlig
#HistoryinHeels #HistoryinHeels
#IOM #IOM
#Ireland #Ireland
#IsleOfMan #IsleOfMan
#IsleofMan #IsleofMan
#Kernewek #Kernewek
#Manx #Manx
#ManxWithGaelicSpelling #ManxWithGaelicSpelling
#MotherLanguage #MotherLanguage
#NicolaDixon #NicolaDixon
#TT2013 #TT2013
#TT2014 #TT2014
#Tinvaal #Tinvaal
#Twitter #Twitter
#Wimbledon #Wimbledon
#belowtheline #belowtheline
#brrr #brrr
#culture #culture
#fb #fb
#gae #gae
#gaeilge #gaeilge
#gael #gael
#gaelg #gaelg
#gaelgeek #gaelgeek
#gaelic #gaelic
#gaidhlig #gaidhlig
#galeg #galeg
#gv2ga #gv2ga
#gàidhlig #gàidhlig
#hihohiho #hihohiho
#hockey #hockey
#imld14 #imld14
#iom #iom
#iomtt #iomtt
#iomtt2014 #iomtt2014
#isleofman #isleofman
#jerriais #jerriais
#kernewek #kernewek
#livebelowthelineuk #livebelowthelineuk
#man #man
#manx #manx
#manx#gaelg #manx#gaelg
#manxcalendar #manxcalendar
#manxmusic #manxmusic
#manxscenes #manxscenes
#manxwithgaelicspellng #manxwithgaelicspellng
#music #music
#soundcloud #soundcloud
#tweet2learn #tweet2learn
'n an
's agus
'skyn os cionn
:D :D
:P :P
:o) :o)
:oD :oD
AIB AIB
ASCII ASCII
ATP ATP
Aaloo Aaloo
Abbey Abbey
Abdul Abdul
Abertawe Abertawe
Aberystwyth Aberystwyth
Abhóca Abhóca
Abidjan Abidjan
Ablet Ablet
Abuja Abuja
Acaill Acaill
Achaidh Achaidh
Acla Acla
Act Act
Adams Adams
Ade Ade
Adelaide Adelaide
Adobe Adobe
Adolf Adolf
Adrian Adrian
Aengus Aengus
Agatha Agatha
Ahern Ahern
Ahlqvist Ahlqvist
Aidan Aidan
Aifir Aifir
Aifric Aifric
Ailbhe Ailbhe
Aires Aires
Airt Airt
Aisling Aisling
Al Al
Alabama Alabama
Alamos Alamos
Alan Alan
Alasdair Alasdair
Alastair Alastair
Alba Alba
Albany Albany
Albert Albert
Alberta Alberta
Alberti Alberti
Alec Alec
Alex Alex
Alexander Alexander
Alexandra Alexandra
Alexandria Alexandria
Alfie Alfie
Alfred Alfred
Ali Ali
Alice Alice
Alison Alison
Alistair Alistair
Allan Allan
Allen Allen
Alzheimer Alzheimer
Amazon Amazon
Ambrose Ambrose
American American
Amiens Amiens
Amos Amos
Amy Amy
Anders Anders
Andersen Andersen
Anderson Anderson
Andreas Andreas
Andrew Andrew
Android Android
Andy Andy
Angela Angela
Angeles Angeles
Angelina Angelina
Angus Angus
Anna Anna
Anne Anne
Annie Annie
Anraí Anraí
Ans Ans
Anthony Anthony
Anton Anton
Antonio Antonio
Aodh Aodh
Aodha Aodha
Aodoù-an-Arvor Aodoù-an-Arvor
Aoidh Aoidh
Aoife Aoife
Aonghas Aonghas
Apple Apple
April April
Aqua Aqua
Aquila Aquila
Arailt Arailt
Aralt Aralt
Arcade Arcade
Archibald Archibald
Archie Archie
Arfon Arfon
Ariel Ariel
Arizona Arizona
Arkansas Arkansas
Arkham Arkham
Armstrong Armstrong
Arnold Arnold
Arthur Arthur
Ashcroft Ashcroft
Ashford Ashford
Ashley Ashley
Ashton Ashton
Assam Assam
Association Association
Astaire Astaire
Aston Aston
Asturias Asturias
Atholl Atholl
Atkins Atkins
Atlanta Atlanta
Attenborough Attenborough
Auckland Auckland
Audrey Audrey
August August
Augusta Augusta
Augustus Augustus
Austen Austen
Austin Austin
Awards Awards
Axel Axel
Ayers Ayers
Ayre Ayre
BA BA
BBC BBC
BMW BMW
BNP BNP
BS BS
Baarool Baarool
Bach Bach
Bacon Bacon
Bacteria Bacteria
Baile Baile
Bakehouse Bakehouse
Baker Baker
Baku Baku
Bakuman Bakuman
Baldwin Baldwin
Ballachashtal Ballachashtal
Ballaskeig Ballaskeig
Balor Balor
Baltimore Baltimore
Band Band
Banga Banga
Bangor Bangor
Bank Bank
Banks Banks
Barack Barack
Barbara Barbara
Barcelona Barcelona
Barnes Barnes
Barra Barra
Barrett Barrett
Barrule Barrule
Barry Barry
Barton Barton
Basel Basel
Basil Basil
Bastable Bastable
Bates Bates
Bauer Bauer
Bay Bay
Bayer Bayer
Beaglaoich Beaglaoich
Beckett Beckett
Begley Begley
Bell Bell
Bella Bella
Bello Bello
Benedict Benedict
Bennett Bennett
Bergen Bergen
Berkeley Berkeley
Berkshire Berkshire
Berlusconi Berlusconi
Bernard Bernard
Bernice Bernice
Bernstein Bernstein
Bert Bert
Bertie Bertie
Bertrand Bertrand
Beryl Beryl
Bess Bess
Best Best
Beta Beta
Beth Beth
Betsy Betsy
Bhaldraithe Bhaldraithe
Bheanntraí Bheanntraí
Bhlarna Bhlarna
Bhóinn Bhóinn
Big Big
Bill Bill
Billy Billy
Birch Birch
Birmingham Birmingham
Black Black
Blackburn Blackburn
Blackpool Blackpool
Blair Blair
Blayney Blayney
Blazin' Blazin'
Blogger Blogger
Bloom Bloom
Bluto bPlútóin
Bluto bPlútón
Blythe Blythe
Boas Boas
Boaz Boaz
Bob Bob
Bobby Bobby
Boirche Boirche
Bologna Bologna
Bolton Bolton
Bond Bond
Bonn Bonn
Bonnie Bonnie
Bonny Bonny
Bord Bord
Bordeaux Bordeaux
Boris Boris
Bosnia an Bhoisnia
Bosnia na Boisnia
Bowen Bowen
Boyd Boyd
Boyle Boyle
Brad Brad
Bradda Bradda
Bradford Bradford
Bradley Bradley
Brady Brady
Braide Braide
Breandan Breandan
Breandán Breandán
Breanndán Breanndán
Breeshey Breeshey
Bremen Bremen
Brenda Brenda
Brendan Brendan
Brennan Brennan
Brest Brest
Brew Brew
Briain Briain
Brien Brien
Brighton Brighton
Briotún Briotún
Britain Britain
British British
Britney Britney
Bro Bro
Broderick Broderick
Broin Broin
Brooklyn Brooklyn
Browne Browne
Bruce Bruce
Brunswick Brunswick
Bruton Bruton
Brutus Brutus
Bryan Bryan
Brádaigh Brádaigh
Buachalla Buachalla
Buchanan Buchanan
Buckingham Buckingham
Buckley Buckley
Buenos Buenos
Buffalo Buffalo
Buffin Buffin
Bull Bull
Burgess Burgess
Burns Burns
Bush Bush
Butler Butler
Buxton Buxton
Buí Buí
Byrd Byrd
Byron Byron
Bóinne Bóinne
Búrca Búrca
CC CC
CCC CCC
CCG CCG
CCL CCL
CD CD
CIA CIA
CLG CLG
CXXII CXXII
Cadhain Cadhain
Caerdydd Caerdydd
Caesar Caesar
Cagliari Cagliari
Caine Caine
Cairbre Cairbre
Cairlinn Cairlinn
Cairn Cairn
Caitlín Caitlín
Caitríona Caitríona
Calais Calais
Caley Caley
Calgary Calgary
California California
Callaghan Callaghan
Calvin Calvin
Cambridge Cambridge
Cambridgeshire Cambridgeshire
Camden Camden
Cameron Cameron
Campari Campari
Campbell Campbell
Canberra Canberra
Cannell Cannell
Cannes Cannes
Cannon Cannon
Canterbury Canterbury
Caoimhín Caoimhín
Caol Caol
Caoláire Caoláire
Cape Cape
Capri Capri
Captain Captain
Caracas Caracas
Carl Carl
Carlisle Carlisle
Carlo Carlo
Carmen Carmen
Carnac Carnac
Carnegie Carnegie
Carnlach Carnlach
Carol Carol
Carolina Carolina
Caroline Caroline
Carroll Carroll
Carson Carson
Carswell Carswell
Carter Carter
Casement Casement
Casey Casey
Casla Casla
Castle Castle
Castletown Castletown
Castro Castro
Cathal Cathal
Catherine Catherine
Cathmhaoil Cathmhaoil
Cathy Cathy
Cavendish Cavendish
Ceallaigh Ceallaigh
Ceanainn Ceanainn
Ceanannas Ceanannas
Ceannt Ceannt
Cearbhall Cearbhall
Cearnaigh Cearnaigh
Cecil Cecil
Cecilia Cecilia
Ceithleann Ceithleann
Celtic Celtic
Cent Cent
Centenary Centenary
Chainnigh Chainnigh
Chairbre Chairbre
Chairn Chairn
Chaistil Chaistil
Chalifornia Chalifornia
Chalse Chalse
Chambers Chambers
Championship Championship
Chapman Chapman
Charles Charles
Charlie Charlie
Charlotte Charlotte
Charmane Charmane
Charthaigh Charthaigh
Chathail Chathail
Chaucer Chaucer
Cheanannais Cheanannais
Chelsea Chelsea
Cheltenham Cheltenham
Chemnitz Chemnitz
Cheshire Cheshire
Chester Chester
Chi Chi
Chiaráin Chiaráin
Chicago Chicago
Childers Childers
Chippy Chippy
Chirac Chirac
Choilm Choilm
Cholm Cholm
Choluim Choluim
Cholum Cholum
Chomsky Chomsky
Chonall Chonall
Chonaola Chonaola
Chonchúir Chonchúir
Chongqing Chongqing
Chopin Chopin
Chorea Chóiré
Chris Chris
Christi Christi
Christian Christian
Christie Christie
Christina Christina
Christine Christine
Christmas Christmas
Christopher Christopher
Christy Christy
Chronicles Chronicles
Chruaich Chruaich
Chrócaigh Chrócaigh
Chulainn Chulainn
Chávez Chávez
Cill Cill
Cionnaith Cionnaith
Cisco Cisco
Citrus Citrus
City City
Clague Clague
Claire Claire
Clannad Clannad
Clara Clara
Clare Clare
Clarence Clarence
Clark Clark
Clarke Clarke
Clement Clement
Cleveland Cleveland
Cliafuine Cliafuine
Clinton Clinton
Clive Clive
Cloich Cloich
Clooney Clooney
Clovis Clovis
Cluainín Cluainín
Clyde Clyde
Cléirigh Cléirigh
Cnut Cnut
Co Co
Coates Coates
Cohen Cohen
Coirib Coirib
Colby Colby
Coleman Coleman
Colette Colette
Colin Colin
College College
Colley Colley
Collins Collins
Colm Colm
Colorado Colorado
Coluim Coluim
Colum Colum
Columbia Columbia
Columbus Columbus
Commonwealth Commonwealth
Company Company
Conaire Conaire
Conal Conal
Conall Conall
Conan Conan
Concepción Concepción
Conghaile Conghaile
Congo Congo
Conister Conister
Conn Conn
Connecticut Connecticut
Connell Connell
Connolly Connolly
Connor Connor
Conrach Conrach
Conradin Conradin
Constance Constance
Contae Contae
Conway Conway
Cooke Cooke
Cookie Cookie
Coolidge Coolidge
Cooper Cooper
Copeland Copeland
Corea Cóiré
Corkill Corkill
Cormac Cormac
Cormaic Cormaic
Cornelius Cornelius
Cornwall Cornwall
Cosgrave Cosgrave
Costa Costa
Costello Costello
Cottbus Cottbus
Coventry Coventry
Cowen Cowen
Cowley Cowley
Craig Craig
Craine Craine
Creek Creek
Crellin Crellin
Creneash Creneash
Croke Croke
Cromwell Cromwell
Crosby Crosby
Cross Cross
Crovan Crovan
Crowe Crowe
Crowley Crowley
Cruise Cruise
Cruz Cruz
Cullen Cullen
Culture Culture
Cumae Cumae
Cumbria Cumbria
Cumhall Cumhall
Cummins Cummins
Cunningham Cunningham
Cup Cup
Currach Currach
Curriculum Curriculum
Currie Currie
Curt Curt
Cymru Cymru
Cyril Cyril
Céitinn Céitinn
DART DART
DC DC
DJ DJ
DNA DNA
DRM DRM
DVD DVD
Dafydd Dafydd
Dakota Dakota
Dale Dale
Dallas Dallas
Dame Dame
Damhliag Damhliag
Damien Damien
Damon Damon
Daniella Daniella
Daniels Daniels
Danny Danny
Dante Dante
Dara Dara
Darren Darren
Dartmouth Dartmouth
Daryl Daryl
Darú Darú
Dave Dave
Davey Davey
Davidson Davidson
Davies Davies
Davis Davis
Davitt Davitt
Davy Davy
Dawson Dawson
Dealgan Dealgan
Deane Deane
Deborah Deborah
Declan Declan
Deirdre Deirdre
Delaney Delaney
Delano Delano
Delaware Delaware
Dempsey Dempsey
Dene Dene
Dennis Dennis
Denver Denver
Derby Derby
Derbyshire Derbyshire
Derek Derek
Dermot Dermot
Derry Derry
Des Des
Desmond Desmond
Deutsch Deutsch
Deutsche Deutsche
Devon Devon
Dewi Dewi
Dhiarmada Dhiarmada
Dhomhnaill Dhomhnaill
Dhooraght Dhooraght
Dhrom Dhrom
Dhéagláin Dhéagláin
Dhône Dhône
Diana Diana
Diarmada Diarmada
Diarmuid Diarmuid
Dickens Dickens
Dickey Dickey
Diego Diego
Digital Digital
Disney Disney
Dixon Dixon
Djibouti Djibouti
Dobhair Dobhair
Dodd Dodd
Doherty Doherty
Dolly Dolly
Domhnaill Domhnaill
Dominic Dominic
Don Don
Donal Donal
Donald Donald
Donaldson Donaldson
Donna Donna
Donnaile Donnaile
Donncha Donncha
Donnchadha Donnchadha
Donnell Donnell
Doody Doody
Doolish Doolish
Doreen Doreen
Dorian Dorian
Doris Doris
Dorothy Dorothy
Dorset Dorset
Doug Doug
Dougherty Dougherty
Douglas Douglas
Downing Downing
Doyle Doyle
Dr Dr
Drambuie Drambuie
Dresden Dresden
Dromad Dromad
Dubhadh Dubhadh
Dubhghlas Dubhghlas
Dublin Dublin
Dudley Dudley
Duggan Duggan
Dunbar Dunbar
Duncan Duncan
Dunlop Dunlop
Duolingo Duolingo
Durham Durham
Dursley Dursley
Dustin Dustin
Dwight Dwight
Dylan Dylan
Dáil Dáil
Dálaigh Dálaigh
Dòmhnall Dòmhnall
Dùn Dùn
Dún Dún
EBCDIC EBCDIC
ESB ESB
Eagleton Eagleton
Eames Eames
Eamon Eamon
Eamonn Eamonn
Earl Earl
Earley Earley
East East
Easter Easter
Eddie Eddie
Edgar Edgar
Edith Edith
Edmond Edmond
Edmonton Edmonton
Edmund Edmund
Eduardo Eduardo
Edward Edward
Edwards Edwards
Edwin Edwin
Eeley Eeley
Egan Egan
Eilean Eilean
Eileen Eileen
Eimear Eimear
Einstein Einstein
Eisenhower Eisenhower
Eisteddfod Eisteddfod
Eithne Eithne
Eleanor Eleanor
Electric Electric
Elena Elena
Eliot Eliot
Elizabeth Elizabeth
Ellen Ellen
Ellesmere Ellesmere
Ellis Ellis
Elvis Elvis
Emanuel Emanuel
Emer Emer
Emily Emily
Emma Emma
Emmanuel Emmanuel
Enda Enda
Engels Engels
England England
English English
Ennis Ennis
Eochaill Eochaill
Eoghain Eoghain
Eoin Eoin
Epistle Epistle
Erasmus Erasmus
Eric Eric
Erik Erik
Erika Erika
Ernest Ernest
Ernie Ernie
Ernst Ernst
Erskine Erskine
Essex Essex
Ethan Ethan
Ethel Ethel
Eugene Eugene
Eunice Eunice
Eurolang Eurolang
Europa Europa
European European
Europol Europol
Evan Evan
Evans Evans
Eve Eve
Everton Everton
Ewan Ewan
Ex Ex
Examiner Examiner
Excalibur Excalibur
Exeter Exeter
Explorer Explorer
Eysturoy Eysturoy
FAI FAI
FIFA FIFA
FM FM
Facebook Facebook
Faing Faing
Fargo Fargo
Feaneeckagh Féiníceach
Feaneeckagh Féiníceacha
Feaneeckagh Féinícigh
Feaneeckagh b'Fhéiníceach
Feaneeckagh b'Fhéiníceacha
Feaneeckee Féiníceach
Feaneeckee Féinícigh
Feaneeckee Féinící
Feaneeckee b'Fhéinícigh
Feaneeckee b'Fhéinící
February February
Felipe Felipe
Felix Felix
Fenella Fenella
Ferdia Ferdia
Ferdinand Ferdinand
Fergus Fergus
Ferguson Ferguson
Ferrari Ferrari
Ferris Ferris
Festival Festival
Fhailí Fhailí
Fhaola Fhaola
Fhearchair Fhearchair
Fheilimí Fheilimí
Fhirdhia Fhirdhia
Fiachra Fiachra
Fianna Fianna
Fibonacci Fibonacci
Fidel Fidel
Fields Fields
Finlay Finlay
Fiona Fiona
Firefox Firefox
Firenze Firenze
Fischer Fischer
Fisher Fisher
Fishman Fishman
FitzGerald FitzGerald
Fitzgerald Fitzgerald
Fitzpatrick Fitzpatrick
Flann Flann
Flash Flash
Fleming Fleming
Flood Flood
Florida Florida
Floyd Floyd
Flynn Flynn
Fontaine Fontaine
Ford Ford
Forest Forest
Formula Formula
Forsdal Forsdal
Forsyth Forsyth
Foster Foster
Fowler Fowler
Fox Fox
Framton Framton
France France
Frances Frances
Francis Francis
Francisco Francisco
Frankfurt Frankfurt
Franklin Franklin
Franz Franz
François François
Fraser Fraser
Frauke Frauke
Fred Fred
Freddie Freddie
Freddy Freddy
Frederick Frederick
Friedrich Friedrich
Fritz Fritz
Fuchs Fuchs
Fujian Fujian
Fáil Fáil
GCE GCE
GCSE GCSE
GNU GNU
GOP GOP
Gabhrán Gabhrán
Gabriel Gabriel
Gaeil Gaeil
Gaeilge Gaeilge
Gaelic Gaelic
Gaeltacht Gaeltacht
Gaiety Gaiety
Gallagher Gallagher
Gallo Gallo
Galloish Gallóis
Galloway Galloway
Gallup Gallup
Galway Galway
Gamh Gamh
Garbháin Garbháin
Garret Garret
Garrett Garrett
Garth Garth
Gary Gary
Gateshead Gateshead
Gawne Gawne
Gelling Gelling
Gene Gene
General General
Geoff Geoff
Geoffrey Geoffrey
George George
Georges Georges
Georgia Georgia
Georgie Georgie
Gerald Gerald
Geraldine Geraldine
Gerard Gerard
Gerhard Gerhard
Germaan Gearmáin
Germaan Gearmáine
Germaanagh Gearmánach
Germaanagh Gearmánacha
Germaanagh Gearmánaigh
Germaanee Gearmánach
Germaanee Gearmánaigh
Germaanee Gearmánaí
Gerry Gerry
Ghaeltacht Ghaeltacht
Ghoolish Ghoolish
Ghormáin Ghormáin
Ghorree Ghorree
Ghráinne Ghráinne
Ghulbain Ghulbain
Gibson Gibson
Giglets Giglets
Gilbert Gilbert
Gilchrist Gilchrist
Gill Gill
Gillian Gillian
Gilmore Gilmore
Giolla Giolla
Giovanni Giovanni
Girl Girl
Gladstone Gladstone
Gladwell Gladwell
Glover Glover
Glynn Glynn
God God
Godwin Godwin
Goethe Goethe
Goldsmith Goldsmith
Golgi Golgi
Goliath Goliath
Goodwin Goodwin
Google Google
Gordon Gordon
Gorea gCóiré
Gormley Gormley
Gormáin Gormáin
Government Government
Grace Grace
Graham Graham
Granada Granada
Grand Grand
Grant Grant
Graves Graves
Grealish Grealish
Green Green
Greens Greens
Greenwich Greenwich
Gregg Gregg
Gregory Gregory
Grenaby Grenaby
Grey Grey
Grianna Grianna
Griffith Griffith
Grimes Grimes
Grover Grover
Groves Groves
Grundy Grundy
Gráinne Gráinne
Guard Guard
Guardian Guardian
Guido Guido
Guild Guild
Guillermo Guillermo
Guinness Guinness
Gustav Gustav
Gwent Gwent
Gwynedd Gwynedd
Gwyneth Gwyneth
Gàidhlig Gàidhlig
Gérard Gérard
HMS HMS
HTML HTML
Hadad Hadad
Hagar Hagar
Haifa Haifa
Hal Hal
Hale Hale
Halifax Halifax
Hall Hall
Halpin Halpin
Hamburg Hamburg
Hamilton Hamilton
Hamlet Hamlet
Hammond Hammond
Hampshire Hampshire
Hampton Hampton
Hancock Hancock
Hannan Hannan
Hannay Hannay
Hans Hans
Hansen Hansen
Harald Harald
Harding Harding
Hardman Hardman
Hardy Hardy
Harley Harley
Harney Harney
Harold Harold
Harris Harris
Harrison Harrison
Harry Harry
Harvard Harvard
Harvey Harvey
Hastings Hastings
Haughey Haughey
Hawaii Hawaii
Hawkins Hawkins
Hayes Hayes
Hayworth Hayworth
Hazel Hazel
Heaney Heaney
Heath Heath
Heather Heather
Hebei Hebei
Hector Hector
Heineken Heineken
Heinrich Heinrich
Helen Helen
Helmut Helmut
Henderson Henderson
Hendrix Hendrix
Heney Heney
Henley Henley
Henrik Henrik
Henry Henry
Herbert Herbert
Herbie Herbie
Heuston Heuston
Heysham Heysham
Higgins Higgins
Hilary Hilary
Hilda Hilda
Hildebrand Hildebrand
Hillary Hillary
Hilton Hilton
Hiroshima Hiroshima
History History
Hitler Hitler
Ho Ho
Hobart Hobart
Hobbes Hobbes
Holland Holland
Hollande Hollande
Hollywood Hollywood
Holmes Holmes
Hommy Hommy
Honolulu Honolulu
Hope Hope
Hor Hor
Horizons Horizons
Horne Horne
Hospital Hospital
Hotel Hotel
Houghton Houghton
Houston Houston
Howard Howard
Howe Howe
Hubble Hubble
Huddersfield Huddersfield
Huddle Huddle
Hudson Hudson
Hugh Hugh
Hughes Hughes
Hugo Hugo
Hull Hull
Hume Hume
Humphrey Humphrey
Hunt Hunt
Hunter Hunter
Huntington Huntington
Huntley Huntley
Hussein Hussein
Hyde Hyde
Hydra Hydra
I'll I'll
I'm I'm
I've I've
II II
III III
IMF IMF
IPA IPA
IRA IRA
ISBN ISBN
ISO ISO
IV IV
IX IX
Iain Iain
Ian Ian
Ib Ib
Idaho Idaho
Il-ha-Gwilen Il-ha-Gwilen
Illinois Illinois
Independent Independent
Indiana Indiana
Indianapolis Indianapolis
Indo Indo
Ingram Ingram
Ingrid Ingrid
Inis Inis
Innsbruck Innsbruck
Innsmouth Innsmouth
Intel Intel
International International
Internet Internet
Iorras Iorras
Iowa Iowa
Ipswich Ipswich
Ira Ira
Ireland Ireland
Irish Irish
Irvine Irvine
Isabel Isabel
Isabella Isabella
Islands Islands
Ismail Ismail
It's It's
Ivan Ivan
Ivar Ivar
JFK JFK
Jac Jac
Jack Jack
Jackie Jackie
Jackson Jackson
Jacques Jacques
Jake Jake
James James
Jamestown Jamestown
Jamie Jamie
Jan Jan
Jane Jane
Janice Janice
January January
Jared Jared
Jasmine Jasmine
Jason Jason
Java Java
Jeddah Jeddah
Jeff Jeff
Jefferson Jefferson
Jeffrey Jeffrey
Jen Jen
Jenkinson Jenkinson
Jennie Jennie
Jennifer Jennifer
Jenny Jenny
Jeremy Jeremy
Jerome Jerome
Jerry Jerry
Jessica Jessica
Jill Jill
Jim Jim
Jimi Jimi
Jimmy Jimmy
Jimí Jimí
Jo Jo
Joachim Joachim
Joanna Joanna
Jobs Jobs
Jock Jock
Joe Joe
Joel Joel
Joey Joey
Johan Johan
Johann Johann
Johannes Johannes
Johannesburg Johannesburg
John John
Johnnie Johnnie
Johnny Johnny
Johns Johns
Johnson Johnson
Johnston Johnston
Jon Jon
Jones Jones
Jose Jose
Josef Josef
Josephine Josephine
Josh Josh
José José
Joyce Joyce
Jr Jr
Jude Jude
Judith Judith
Judy Judy
Jules Jules
Julia Julia
Julie Julie
Julius Julius
July July
Jumbo Jumbo
June June
Justin Justin
Kansas Kansas
Kant Kant
Karagher Karagher
Karen Karen
Karl Karl
Karran Karran
Kate Kate
Katherine Katherine
Kathleen Kathleen
Katie Katie
Kauai Kauai
Kaye Kaye
Keane Keane
Kearney Kearney
Keating Keating
Keighley Keighley
Keith Keith
Kelley Kelley
Kelly Kelly
Kelso Kelso
Ken Ken
Kenna Kenna
Kennaugh Kennaugh
Kennedy Kennedy
Kenneth Kenneth
Kenny Kenny
Kentucky Kentucky
Kernow Kernow
Kerr Kerr
Kevin Kevin
Keynes Keynes
Khan Khan
Kilbride Kilbride
Kingdom Kingdom
Kingston Kingston
Kinrade Kinrade
Kirby Kirby
Kirk Kirk
Kissack Kissack
Kitty Kitty
Klaus Klaus
Klein Klein
Kneen Kneen
Knox Knox
Koch Koch
Kris Kris
Kristen Kristen
Kristin Kristin
Kristy Kristy
Kuala Kuala
Kuiper Kuiper
Kurt Kurt
Kurtz Kurtz
Kylie Kylie
Köln Köln
La La
Labels Labels
Labyrinth Labyrinth
Lachtnáin Lachtnáin
Lacy Lacy
Lady Lady
Lafayette Lafayette
Lagos Lagos
Laighin Laighin
Laird Laird
Laksaa Laksaa
Lamb Lamb
Lamium Lamium
Lancashire Lancashire
Lancaster Lancaster
Langlish Langlish
Laoi Laoi
Laoire Laoire
Laos Laos
Larkin Larkin
Lars Lars
Larsen Larsen
Larsson Larsson
Lasairfhíona Lasairfhíona
Latham Latham
Laura Laura
Laurie Laurie
Lausanne Lausanne
Law Law
Lawrence Lawrence
League League
Leeds Leeds
Leeuwenhoek Leeuwenhoek
Leicester Leicester
Leipzig Leipzig
Leitir Leitir
Lemass Lemass
Lemuel Lemuel
Lenihan Lenihan
Leningrad Leningrad
Lennon Lennon
Leo Leo
Leonard Leonard
Leonardo Leonardo
Leone Leone
Leopold Leopold
Les Les
Leslie Leslie
Lesson Lesson
Lester Lester
Lewin Lewin
Lewis Lewis
Li Li
Lian Laighean
Life Life
Lille Lille
Lillian Lillian
Lily Lily
Limerick Limerick
Lincoln Lincoln
Lincolnshire Lincolnshire
Linda Linda
Lindsay Lindsay
Lindsey Lindsey
Linnaeus Linnaeus
Linne Linne
Lion Laighean
Lisa Lisa
Liszt Liszt
Livingstone Livingstone
Liz Liz
Lizzie Lizzie
Lizzy Lizzy
Llanos Llanos
Lloyd Lloyd
Llywelyn Llywelyn
Local Local
Loch Loch
Lochlann Lochlann
Locke Locke
Lodair Lodair
Logan Logan
Loire Loire
Lois Lois
Lopez Lopez
Lorca Lorca
Lord Lord
Lorient Lorient
Lorraine Lorraine
Los Los
Lough Lough
Loughnane Loughnane
Louis Louis
Louisa Louisa
Louise Louise
Louisiana Louisiana
Louisville Louisville
Lovecraft Lovecraft
Lowe Lowe
Lower Lower
Ltd Ltd
Lucas Lucas
Lucia Lucia
Lucky Lucky
Lucy Lucy
Ludwig Ludwig
Luigi Luigi
Luis Luis
Luke Luke
Lumpur Lumpur
Lunney Lunney
Lusaka Lusaka
Luther Luther
Lynch Lynch
Lyndon Lyndon
Lynn Lynn
Lyon Lyon
Lyons Lyons
MA MA
MF MF
MHz MHz
MMR MMR
MP MP
Maastricht Maastricht
Maayl Maayl
MacGregor MacGregor
MacIntyre MacIntyre
MacLeod MacLeod
Mach Mach
Macha Macha
Macintosh Macintosh
Macmillan Macmillan
Mad Mad
Maddie Maddie
Maddrell Maddrell
Madison Madison
Madmen Madmen
Mae Mae
Magazine Magazine
Magee Magee
Maghal Maghal
Magners Magners
Magnus Magnus
Maguire Maguire
Mahon Mahon
Maine Maine
Mairéad Mairéad
Malabo Malabo
Malachi Malachi
Malcolm Malcolm
Malew Malew
Malmö Malmö
Malone Malone
Man Man
Manannan Manannan
Manannán Manannán
Mandel Mandel
Manet Manet
Manhattan Manhattan
Manitoba Manitoba
Mannheim Mannheim
Mansfield Mansfield
Manuel Manuel
Manx Manx
Mao Mao
Maori Maorach
Maori Maoracha
Maori Maoraigh
Maori Maorais
Maori Maoraise
Maori Maoraí
Maoriyn Maorach
Maoriyn Maoraigh
March March
Marcus Marcus
Margaret Margaret
Maria Maria
Marian Marian
Marie Marie
Marika Marika
Marilyn Marilyn
Marina Marina
Marine Marine
Marino Marino
Mario Mario
Marion Marion
Marks Marks
Marooney Marooney
Mars Mars
Marsh Marsh
Marshall Marshall
Marstrander Marstrander
Martha Martha
Martin Martin
Martina Martina
Martinez Martinez
Marvel Marvel
Marvin Marvin
Marx Marx
Mary Mary
Maryland Maryland
Massachusetts Massachusetts
Matha Matha
Matheson Matheson
Matt Matt
Matthew Matthew
Matthews Matthews
Matthias Matthias
Maud Maud
Maude Maude
Maureen Maureen
Maurice Maurice
Mavis Mavis
Max Max
Maxine Maxine
Maxwell Maxwell
May May
Maya Maya
Mayer Mayer
Mayo Mayo
Maí Maí
McAleese McAleese
McAuley McAuley
McCain McCain
McCarthy McCarthy
McCartney McCartney
McCoy McCoy
McDonald McDonald
McDonnell McDonnell
McEntee McEntee
McFadden McFadden
McGahern McGahern
McGuinness McGuinness
McGuire McGuire
McManus McManus
McQueen McQueen
Meara Meara
Medvedev Medvedev
Meg Meg
Mel Mel
Melbourne Melbourne
Mellows Mellows
Melrose Melrose
Merkel Merkel
Merry Merry
Mersey Mersey
Mhaighneann Mhaighneann
Mhantáin Mhantáin
Mhaonaigh Mhaonaigh
Mhig Mhig
Mhistéala Mhistéala
Mhornáin Mhornáin
Mhuire Mhuire
Mhuiris Mhuiris
Mhálanna Mhálanna
Mia Mia
Miami Miami
Michal Michal
Michelangelo Michelangelo
Micheál Micheál
Michigan Michigan
Mick Mick
Microsoft Microsoft
Middletown Middletown
Mike Mike
Milano Milano
Miles Miles
Milton Milton
Milwaukee Milwaukee
Min Min
Minister Minister
Minneapolis Minneapolis
Minnesota Minnesota
Miraga Miraga
Miss Miss
Mississippi Mississippi
Missouri Missouri
Molly Molly
Molmore Molmore
Mona Mona
Monaghan Monaghan
Monaidh Monaidh
Monday Monday
Monde Monde
Monica Monica
Monroe Monroe
Mons Mons
Montana Montana
Montréal Montréal
Moore Moore
Mor-Bihan Mor-Bihan
Morgan Morgan
Morgannwg Morgannwg
Moriarty Moriarty
Morna Morna
Morris Morris
Morrison Morrison
Morton Morton
Moss Moss
Mount Mount
Mountain Mountain
Mozart Mozart
Mozilla Mozilla
Muaidhe Muaidhe
Muir Muir
Muircheartach Muircheartach
Muiris Muiris
Muirí Muirí
Mumbai Mumbai
Munch Munch
Munro Munro
Murdoch Murdoch
Muriel Muriel
Murmansk Murmansk
Murphy Murphy
Murray Murray
MySpace MySpace
Myles Myles
Máirtín Máirtín
Mòr Mòr
Mór Mór
Múscraí Múscraí
München München
N3 N3
NASA NASA
NATO NATO
NUTS NUTS
Nancy Nancy
Nano Nano
Nantes Nantes
Napier Napier
Nassau Nassau
Nat Nat
Natalia Natalia
Natalie Natalie
Nathaniel Nathaniel
National National
Navarre Navarre
Neal Neal
Neasáin Neasáin
Nebraska Nebraska
Ned Ned
Neil Neil
Nelson Nelson
Nessa Nessa
Netty Netty
Nevada Nevada
Newark Newark
Newburyport Newburyport
Newcastle Newcastle
Newport Newport
Newton Newton
Ngermaan nGearmáin
Ngermaan nGearmáine
Ngermaanagh nGearmánach
Ngermaanagh nGearmánaigh
Ngermaanee nGearmánach
Ngermaanee nGearmánaigh
Niall Niall
Nibheis Nibheis
Nic Nic
Nicholas Nicholas
Nicholson Nicholson
Nick Nick
Nicola Nicola
Nicolas Nicolas
Nicole Nicole
Nicosia Nicosia
Nigel Nigel
Ninian Ninian
Nintendo Nintendo
Nioclás Nioclás
Nippon Nippon
Niue Niue
Nixon Nixon
Noam Noam
Nobel Nobel
Noble Noble
Noddee Noddee
Noel Noel
Nokia Nokia
Nolan Nolan
Noogandagh nUgandach
Noogandagh nUgandaigh
Noogandee nUgandach
Noogandee nUgandaigh
Nora Nora
Nord Nord
Noreen Noreen
Norfolk Norfolk
Norilsk Norilsk
Norma Norma
Norman Norman
Norris Norris
North North
Northampton Northampton
Northern Northern
Northumberland Northumberland
Norton Norton
Norwegian Norwegian
Norwich Norwich
Noster Noster
Nostradamus Nostradamus
Notre Notre
Nottingham Nottingham
Nouveau Nouveau
November November
Nuala Nuala
Nunavut Nunavut
Nunnery Nunnery
Néill Néill
O'Brien O'Brien
O'Carolan O'Carolan
O'Casey O'Casey
O'Connell O'Connell
O'Connor O'Connor
O'Daly O'Daly
O'Donnell O'Donnell
O'Hara O'Hara
O'Kelly O'Kelly
O'Leary O'Leary
O'Meara O'Meara
O'Rourke O'Rourke
O'Sullivan O'Sullivan
OECD OECD
OKF OKF
Obama Obama
Obata Obata
Och Och
October October
Odessa Odessa
Odin Odin
Ohio Ohio
Ohms Ohms
Oisín Oisín
Oklahoma Oklahoma
Olaf Olaf
Ole Ole
Oliver Oliver
Olivier Olivier
Omaha Omaha
Omar Omar
Ontario Ontario
Oogandagh Ugandach
Oogandagh Ugandacha
Oogandagh Ugandaigh
Oogandagh b'Ugandach
Oogandagh b'Ugandacha
Oogandagh tUgandach
Oogandee Ugandach
Oogandee Ugandaigh
Oogandee Ugandaí
Oogandee b'Ugandaigh
Oogandee b'Ugandaí
Orange Orange
Orcus Orcus
Ordnance Ordnance
Oregon Oregon
Organisation Organisation
Orleans Orleans
Orry Orry
Orwell Orwell
Osborne Osborne
Oscar Oscar
Ostaig Ostaig
Oswald Oswald
Ottawa Ottawa
Otto Otto
Our Our
Overcast Overcast
Owen Owen
Owens Owens
Oxfam Oxfam
Oxford Oxford
PDF PDF
PFS PFS
PNG PNG
PSM PSM
PSS PSS
Paaie Paaie
Paddy Paddy
Padraic Padraic
Page Page
Pain Pain
Paine Paine
Palin Palin
Palma Palma
Paloma Paloma
Pam Pam
Pamela Pamela
Pan Pan
Parker Parker
Parkinson Parkinson
Parnell Parnell
Parry Parry
Parthalán Parthalán
Party Party
Pat Pat
Patchwork Patchwork
Pater Pater
Paterson Paterson
Patrick Patrick
Patsy Patsy
Patterson Patterson
PayPal PayPal
Pays Pays
País País
Peadar Peadar
Pearse Pearse
Pearson Pearson
Pedro Pedro
Peel Peel
Peggy Peggy
Pen Pen
Penguin Penguin
Penn-ar-Bed Penn-ar-Bed
Pennsylvania Pennsylvania
Penny Penny
Penrose Penrose
Per Per
Percy Percy
Perez Perez
Perry Perry
Perspective Perspective
Perth Perth
Pete Pete
Peter Peter
Peterson Peterson
Phan Phan
Pharnell Pharnell
Pheig Pheig
Phil Phil
Philadelphia Philadelphia
Philips Philips
Phillie Phillie
Phillip Phillip
Phillips Phillips
Phluto Phlútóin
Phluto Phlútón
Phoebe Phoebe
Phádraig Phádraig
Piarais Piarais
Piarsach Piarsach
Picard Picard
Picasso Picasso
Pierce Pierce
Pierre Pierre
Pilgrim Pilgrim
Pinker Pinker
Pisa Pisa
Pitts Pitts
Plaid Plaid
Plod Plod
Plunkett Plunkett
Pluto Plútóin
Pluto Plútón
Plymouth Plymouth
Podgorica Podgorica
Poe Poe
Police Police
Poll Poll
Poole Poole
Port Port
Portland Portland
Portsmouth Portsmouth
Potosi Potosi
Potsdam Potsdam
Potter Potter
Powell Powell
Power Power
Powers Powers
Pradesh Pradesh
Prayer Prayer
Prescott Prescott
Presley Presley
Preston Preston
Pretoria Pretoria
Prima Prima
Priscilla Priscilla
Prisoner Prisoner
Productions Productions
Providence Providence
Prunus Prunus
Pryor Pryor
Purcell Purcell
Pádraig Pádraig
Pádraigín Pádraigín
Quayle Quayle
Queenie Queenie
Queens Queens
Queensland Queensland
Quentin Quentin
Quest Quest
Quilliam Quilliam
Quincy Quincy
Quine Quine
Quinn Quinn
Quirk Quirk
Québec Québec
RAF RAF
RC RC
RSS RSS
RT RT
RTÉ RTÉ
Radcliffe Radcliffe
Rae Rae
Rafferty Rafferty
Railway Railway
Raison Raison
Raleigh Raleigh
Ralph Ralph
Ramsey Ramsey
Randolph Randolph
Raphael Raphael
Rastall-Retford Rastall-Retford
Ray Ray
Raymond Raymond
Rayner Rayner
Reachlainn Reachlainn
Reachtain Reachtain
Reading Reading
Reagan Reagan
Rebecca Rebecca
Redmond Redmond
Regina Regina
Reginald Reginald
Reich Reich
Reilly Reilly
Rembrandt Rembrandt
Renault Renault
Rennell Rennell
Rennes Rennes
Republic Republic
Respublika Respublika
Reykjavík Reykjavík
Reynolds Reynolds
Rhode Rhode
Rhodri Rhodri
Rhumsaa Rhumsaa
Riabh Riabh
Rice Rice
Richard Richard
Richards Richards
Richardson Richardson
Richmond Richmond
Riley Riley
Rilke Rilke
Ring Ring
Ringo Ringo
Rings Rings
Rita Rita
Ritter Ritter
River River
Rivera Rivera
Riverdance Riverdance
Road Road
Rob Rob
Robert Robert
Roberts Roberts
Robin Robin
Robinson Robinson
Roche Roche
Rochester Rochester
Rodan Rodan
Rodgers Rodgers
Roger Roger
Rogers Rogers
Roibín Roibín
Rolf Rolf
Ron Ron
Ronald Ronald
Ronan Ronan
Ronnie Ronnie
Roonysvaie Roonysvaie
Roosevelt Roosevelt
Rory Rory
Ros Ros
Rosa Rosa
Rosemary Rosemary
Rosenthal Rosenthal
Rosie Rosie
Rosien Rosien
Ross Ross
Rossa Rossa
Rotterdam Rotterdam
Routledge Routledge
Rovers Rovers
Rowan Rowan
Rowe Rowe
Rowley Rowley
Rowling Rowling
Roy Roy
Royal Royal
Rua Rua
Ruaidhrí Ruaidhrí
Ruairc Ruairc
Ruairidh Ruairidh
Ruane Ruane
Rubens Rubens
Rudolf Rudolf
Rudolph Rudolph
Rugby Rugby
Runnysvie Runnysvie
Rupert Rupert
Russ Russ
Russell Russell
Rutherford Rutherford
Rutland Rutland
Ryan Ryan
Ryanair Ryanair
Ráth Ráth
Rí Rí
Róibín Róibín
SPC SPC
SPD SPD
Sabhal Sabhal
Sacramento Sacramento
Saddam Saddam
Sage Sage
Sailtí Sailtí
Saint Saint
Saki Saki
Salisbury Salisbury
Sally Sally
Salmon Salmon
Sam Sam
Samantha Samantha
Sammy Sammy
San San
Sandair Sandair
Sandra Sandra
Sands Sands
Santa Santa
Sara Sara
Sargent Sargent
Sarkozy Sarkozy
Sarnath Sarnath
Saturday Saturday
Sauces Sauces
Saunders Saunders
Scannell Scannell
Scarlett Scarlett
Schafer Schafer
Schmidt Schmidt
School School
Schumacher Schumacher
Scientist Scientist
Scotland Scotland
Scots Scots
Scott Scott
Scottish Scottish
Scrabble Scrabble
Seachlainn Seachlainn
Seamus Seamus
Seanaidh Seanaidh
Seanaigh Seanaigh
Season Season
Seathrún Seathrún
Seattle Seattle
Sebastian Sebastian
Segovia Segovia
Sellafield Sellafield
Seoige Seoige
Seoighe Seoighe
Seonaidh Seonaidh
Seosamh Seosamh
Setanta Setanta
Seth Seth
Sevilla Sevilla
Seán Seán
Shakespeare Shakespeare
Shandair Shandair
Shane Shane
Shanghai Shanghai
Sharon Sharon
Sharp Sharp
Shaun Shaun
Shay Shay
Sheffield Sheffield
Shefflin Shefflin
Sheila Sheila
Shelbourne Shelbourne
Shem Shem
Sheoigheach Sheoigheach
Shepherd Shepherd
Sheridan Sheridan
Sherlock Sherlock
Sheáin Sheáin
Shimmin Shimmin
Shirley Shirley
Shiurdáin Shiurdáin
Shoanie Shoanie
Shoprite Shoprite
Shore Shore
Shropshire Shropshire
Sid Sid
Siegel Siegel
Sierra Sierra
Silas Silas
Silva Silva
Silvia Silvia
Simone Simone
Sinclair Sinclair
Sinéad Sinéad
Sir Sir
Sitric Sitric
Sky Sky
Skype Skype
Sligo Sligo
Sluaighe Sluaighe
Small Small
Smith Smith
Sniaul Sniaul
Snyder Snyder
Society Society
Soderick Soderick
Sodor Sodor
Somers Somers
Somerset Somerset
Somhairle Somhairle
Song Song
Songs Songs
Sonia Sonia
Sophia Sophia
Sord Sord
Sorley Sorley
Sotsialisticheskaya Sotsialisticheskaya
South South
Southampton Southampton
Southport Southport
Sovetskaya Sovetskaya
Spenser Spenser
Spidéal Spidéal
Spielberg Spielberg
Spitzer Spitzer
Spock Spock
Spring Spring
Springfield Springfield
Sr Sr
Sredni Sredni
St St
Stacy Stacy
Staffordshire Staffordshire
Stalin Stalin
Stamford Stamford
Standish Standish
Stanford Stanford
Stanislaus Stanislaus
Stanlagh Stanlagh
Stanley Stanley
Stapleton Stapleton
Star Star
Starr Starr
State State
Statoil Statoil
Steach Steach
Steele Steele
Stefan Stefan
Stephanie Stephanie
Stephen Stephen
Stephens Stephens
Steve Steve
Steven Steven
Stevenson Stevenson
Stewart Stewart
Stokes Stokes
Stondane Stondane
Stone Stone
Stormont Stormont
Stowell Stowell
Streymoy Streymoy
Strickland Strickland
Stuart Stuart
Stuttgart Stuttgart
Sue Sue
Suffolk Suffolk
Sulby Sulby
Sullivan Sullivan
Sunday Sunday
Super Super
Superman Superman
Surrey Surrey
Survey Survey
Susan Susan
Susanna Susanna
Susie Susie
Sussex Sussex
Sutherland Sutherland
Sutton Sutton
Suzanne Suzanne
Svalbard Svalbard
Swain Swain
Swift Swift
Sydney Sydney
Sylvester Sylvester
Synge Synge
Syracuse Syracuse
São São
Séamas Séamas
Séamus Séamus
TD TD
TG TG
TG4 TG4
TT TT
TV TV
Tabitha Tabitha
Tabor Tabor
Tagged Tagged
Taidhg Taidhg
Tailteann Tailteann
Takemiya Takemiya
Takeshi Takeshi
Talbot Talbot
Tales Tales
Tallis Tallis
Tamer Tamer
Tamhlacht Tamhlacht
Tammy Tammy
Tampere Tampere
Tang Tang
Taoiseach Taoiseach
Tara Tara
Tarantino Tarantino
Taylor Taylor
Teacher Teacher
Teamhair Teamhair
Teare Teare
Ted Ted
Teddy Teddy
Telecom Telecom
Tenerife Tenerife
Tennessee Tennessee
Tenochtitlan Tenochtitlan
Teo Teo
Terence Terence
Terrace Terrace
Terry Terry
Tesco Tesco
Texas Texas
Thaddeus Thaddeus
Thames Thames
Theatre Theatre
Thelma Thelma
Theodore Theodore
Thimphu Thimphu
Thobm Thobm
Thom Thom
Thomaase Thomaase
Thomas Thomas
Thompson Thompson
Thomson Thomson
Thor Thor
Thoraigh Thoraigh
Thoraí Thoraí
Thornton Thornton
Tianjin Tianjin
Tilos Tilos
Tim Tim
Timothy Timothy
Tinvaal Tinvaal
Tobbuta Tobbuta
Tolkien Tolkien
Tomlinson Tomlinson
Tommy Tommy
Tomás Tomás
Tonga Tonga
Tony Tony
Toronto Toronto
Torres Torres
Tottenham Tottenham
Toulouse Toulouse
Tour Tour
Tours Tours
Townsend Townsend
Tracey Tracey
Treacy Treacy
Treoin Treoin
Trevor Trevor
Trident Trident
Tristan Tristan
Troim Troim
Trondheim Trondheim
Troy Troy
Truman Truman
Trust Trust
Tsugumi Tsugumi
Tta Tta
Tuathail Tuathail
Turku Turku
Turner Turner
Tuvalu Tuvalu
Twain Twain
Twitter Twitter
Tyler Tyler
Tyndall Tyndall
Tyne Tyne
Tène Tène
Túr Túr
UCD UCD
UK UK
UNESCO UNESCO
UTC UTC
Ua Ua
Uallacháin Uallacháin
Ubuntu Ubuntu
Ulex Ulex
Ulster Ulster
Ulysses Ulysses
Unicode Unicode
Union Union
United United
University University
Uppsala Uppsala
Ursula Ursula
Ustinov Ustinov
Utah Utah
Utrecht Utrecht
Uusimaa Uusimaa
Uí Uí
VI VI
VII VII
VIII VIII
Vaduz Vaduz
Vale Vale
Valencia Valencia
Valentine Valentine
Valera Valera
Valew Valew
Vancouver Vancouver
Vanessa Vanessa
Vaori Mhaorach
Vaori Mhaoracha
Vaori Mhaoraigh
Vaori Mhaorais
Vaori Mhaoraise
Vaori Mhaoraí
Vaoriyn Mhaorach
Vaoriyn Mhaoraigh
Varika Varika
Vasco Vasco
Vashtar Vashtar
Vaughan Vaughan
Veaneeckagh bhFéiníceach
Veaneeckagh bhFéinícigh
Veaneeckee bhFéiníceach
Veaneeckee bhFéinícigh
Vegas Vegas
Vera Vera
Vermeer Vermeer
Vermont Vermont
Veronica Veronica
Versailles Versailles
Via Via
Victor Victor
Victoria Victoria
Video Video
View View
Villa Villa
Villiers Villiers
Vilnius Vilnius
Vincent Vincent
Vinci Vinci
Virginia Virginia
Vivian Vivian
Vreeshey Vreeshey
WTO WTO
Waddington Waddington
Wade-Giles Wade-Giles
Wagner Wagner
Wakefield Wakefield
Wales Wales
Walker Walker
Wallace Wallace
Walsh Walsh
Walt Walt
Walter Walter
Walton Walton
Wanda Wanda
Ward Ward
Warhammer Warhammer
Warren Warren
Wars Wars
Washington Washington
Water Water
Watergate Watergate
Watford Watford
Watson Watson
Waugh Waugh
Way Way
We We
We're We're
Wear Wear
Week Week
Welch Welch
Wellington Wellington
Wells Wells
Welsh Welsh
Wendell Wendell
Wendy Wendy
Wesley Wesley
West West
Westlife Westlife
Westminster Westminster
Wheeler Wheeler
Where Where
Whitney Whitney
Who Who
Wichita Wichita
Wii Wii
Wikipedia Wikipedia
Wilde Wilde
Wilhelm Wilhelm
William William
Williams Williams
Williamson Williamson
Willie Willie
Willis Willis
Willy Willy
Wilson Wilson
Wimbledon Wimbledon
Winchester Winchester
Windows Windows
Windsor Windsor
Winston Winston
Wisconsin Wisconsin
Wittgenstein Wittgenstein
Wodehouse Wodehouse
Wolf Wolf
Wolfe Wolfe
Wolfgang Wolfgang
Wood Wood
Woodrow Woodrow
Woods Woods
Woodstock Woodstock
Worcester Worcester
Worcestershire Worcestershire
World World
Wrecsam Wrecsam
Wright Wright
Wu Wu
Wuhan Wuhan
Wyatt Wyatt
Wynne Wynne
Wyoming Wyoming
XI XI
XML XML
XVII XVII
Xbox Xbox
Xerox Xerox
Yates Yates
Yeats Yeats
Yermaan Ghearmáin
Yermaan Ghearmáine
Yermaanagh Ghearmánach
Yermaanagh Ghearmánacha
Yermaanagh Ghearmánaigh
Yermaanee Ghearmánach
Yermaanee Ghearmánaigh
Yermaanee Ghearmánaí
Yes Yes
Ynys Ynys
Yorkshire Yorkshire
Yosemite Yosemite
YouTube YouTube
Young Young
Yukon Yukon
Yuyuko Yuyuko
Yves Yves
Yvonne Yvonne
Zachary Zachary
Zürich Zürich
aa-reiht atofa
aaley b'áille
aaley áille
aalin b'áille
aalin b'álainn
aalin áille
aalin álainn
aayl shleáin
aayl shleán
aaylyn shleánta
about about
above above
ac ac
accident accident
accommodation accommodation
ach ach
ad hiad
ad iad
ad siad
adj adj
adrift adrift
adsyn hiadsan
adsyn iadsan
adsyn siadsan
advent advent
afraid afraid
after after
afternoon afternoon
ag ag
again again
against against
age age
ago ago
agus agus
aigh-vie ádh mór
aik fheic
aik-jee fheicigí
aikinit fheicthe
ain againn
ainyn againne
air air
album album
alignment alignment
alive alive
all all
also also
alternate alternate
am am
an an
and and
angry angry
anns anns
another another
any any
anys i
anys in
anyway anyway
anywhere anywhere
ap ap
apartheid apartheid
ar ar
ar-chrackan scannáin
ar-chrackan scannán
ar-chrackanyn scannáin
ar-chrackanyn scannán
ar-chraitnyn scannáin
ar-chraitnyn scannán
arang fharaing
arang fharainge
arangyn fharaingí
archrackan scannáin
archrackan scannán
archraitnyn scannáin
archraitnyn scannán
are are
around around
as agus
ashamed ashamed
ashoon náisiúin
ashoon náisiún
ashoonyn náisiúin
ashoonyn náisiún
asleep asleep
ass as
ass-jee aisti
ass-jeeish aistise
ass-syn as-san
assdaue astu
assdauesyn astusan
assdiu asaibh
assdiuish asaibhse
assdoo astu
assdooin asainn
assdooinyn asainne
assdoosyn astusan
assjee aisti
assjeeish aistise
assyd asat
assyds asatsa
assym asam
assyms asamsa
at at
ate ate
attitude attitude
available available
awards awards
away away
awful awful
awfully awfully
ayd agat
ayds agatsa
aym agam
ayms agamsa
ayn ann
ayn i
ayn in
ayn-jee inti
ayn-jeeish intise
ayndaue iontu
ayndauesyn iontusan
ayndiu ionaibh
ayndiuish ionaibhse
ayndoo iontu
ayndooin ionainn
ayndooinyn ionainne
ayndoosyn iontusan
aynjee inti
aynjeeish intise
ayns i
ayns in
aynsyn annsan
aynyd ionat
aynyds ionatsa
aynym ionam
aynyms ionamsa
ays i
ays in
back ar ais
bad bad
bakehouse bakehouse
ball ball
based based
beach beach
beagh beadh
beagh mbeadh
beautiful beautiful
because because
bed bed
bee beidh
bee beifear
bee bí
bee mbí
bee'm beidh
bee-jee bígí
bee-jee mbígí
beealloo os comhair
beemayd beimid
been been
before before
beign beinn
beign mbeinn
being being
believe believe
ben bean
best best
better better
bhylum bhfíleam
bhylum bhfílim
big big
bird bird
black black
blah bogthe
blue blue
boat boat
book book
born born
bound bound
boys boys
braew breá
braew breátha
brave brave
bread bread
breakfast breakfast
breaw breá
breaw breátha
bright bright
broadcasting broadcasting
bronnit bronnta
broth broth
brother brother
brown brown
bugger bugger
built built
bun-ry-skyn bunoscionn
busy busy
but but
buy buy
c'ren cén
cake cake
call call
called called
came came
campaign campaign
can can
can't can't
cannot cannot
cards cards
care care
caterpillar caterpillar
cc cc
centre centre
certain certain
cf cf
chance chance
chea dteith
chea teite
chea teith
chea teitheadh
chea-jee dteithigí
chea-jee teithigí
cheaee teithfear
cheaee teithfidh
cheait teite
cheamayd teithfimid
cheaym teithfidh
cheeagh chíche
cheeagh chíoch
cheeaghyn chíoch
cheeaghyn chíocha
cheeall chiall
cheeall chéille
cheeallyn chiall
cheeallyn chialla
cheilley chéile
chesmad chéim
chesmad chéime
chesmadyn chéimeanna
chey uachtair
chey uachtar
children children
chips chips
chlaghan chlocháin
chlaghan chlochán
chlaghanyn chlocháin
chlaghanyn chlochán
chocolate chocolate
chooin chúnaigh
chooin gcúnaigh
chooin-jee chúnaígí
chooinagh chúnódh
chooinin chúnóinn
chooinit chúnaithe
chooinys chúnóidh
chooinys cúnóidh
chooinys gcúnóidh
choud's chomh fada is
chouds chomh fada is
chrantessen thrastomhais
chrantessen thrastomhas
chrantessenyn thrastomhais
chrantessenyn thrastomhas
chummaltit áitrithe
church church
circle circle
cite cite
claghan clocháin
claghan clochán
claghanyn clocháin
claghanyn clochán
class class
cloudy cloudy
cm cm
coffee coffee
cold cold
com com
come come
coming coming
committee committee
common common
cones cones
conversation conversation
cooin cúnaigh
cooin gcúnaigh
cooin-jee cúnaígí
cooin-jee gcúnaígí
cooinee cúnófar
cooinee cúnóidh
cooinit cúnaithe
cooinmayd cúnóimid
cooinym cúnóidh
copula copula
correct correct
couldn't couldn't
country country
county county
coup coup
course course
crantessen trastomhais
crantessen trastomhas
crantessenyn trastomhais
crantessenyn trastomhas
cre'n cén
cross cross
cummaltit b'áitrithe
cummaltit háitrithe
cummaltit áitrithe
curry curry
cut cut
da do
da dó
daa dhá
daa dá
dad dad
dagh gach
dasyn dósan
daue dóibh
dauesyn dóibhsean
day day
days days
de de
deal deal
default default
del del
dhyt duit
dhyts duitse
di di
did did
didn't didn't
die die
difference difference
dim dim
diu daoibh
diuish daoibhse
doesn't doesn't
dog dog
dogs dogs
doing doing
domestica domestica
don't don't
done done
dooin dúinn
dooinyn dúinne
doour damba
doouryn dambaí
dooys domsa
dou dom
double double
down down
drink drink
drinking drinking
drunk drunk
drunkard drunkard
dry dry
dt' do
dt'Oogandagh d'Ugandach
dt'Oogandagh d'Ugandaigh
dt'Oogandee d'Ugandach
dt'Oogandee d'Ugandaigh
dt'aayl sleáin
dt'aayl sleán
dt'aaylyn sleánta
dt'ar-chrackan scannáin
dt'ar-chrackan scannán
dt'ar-chrackanyn scannáin
dt'ar-chrackanyn scannán
dt'ar-chraitnyn scannáin
dt'ar-chraitnyn scannán
dt'arang d'fharaing
dt'arang d'fharainge
dt'arangyn d'fharaingí
dt'archrackan scannáin
dt'archrackan scannán
dt'archraitnyn scannáin
dt'archraitnyn scannán
dt'ashoon náisiúin
dt'ashoon náisiún
dt'ashoonyn náisiúin
dt'ashoonyn náisiún
dt'eaneeckagh d'Fhéiníceach
dt'eaneeckagh d'Fhéinícigh
dt'eaneeckee d'Fhéiníceach
dt'eaneeckee d'Fhéinícigh
dt'eeanlee d'éanlaith
dt'eeanlee d'éanlaithe
dt'eiyrt tóir
dt'eiyrt tóra
dt'eiyrtyn tóireacha
dt'enmey d'ainm
dt'enmyn d'ainmneacha
dt'ennym d'ainm
dt'irree-seose-reesht d'aiséirí
dt'ooh d'ubh
dt'ooh d'uibhe
dt'ooha cré-umha
dt'oohyn d'uibheacha
dty do
du du
duration duration
dy-bragh go brách
dy-chooilley gach uile
département département
e a
eaneeckagh Fhéiníceach
eaneeckagh Fhéiníceacha
eaneeckagh Fhéinícigh
eaneeckee Fhéiníceach
eaneeckee Fhéinícigh
eaneeckee Fhéinící
easy easy
eat eat
eaten eaten
eating eating
echey aige
echeysyn aigesean
eck aici
eckish aicise
ecks aicise
ecksh aicise
edyr ar chor ar bith
ee hí
ee sí
ee í
eeanlee b'éanlaith
eeanlee éanlaith
eeanlee éanlaithe
eear-vaaree iarbhearrtha
egg egg
eggs eggs
eh hé
eh sé
eh é
eight eight
eisht ansin
either either
eiyrt thóir
eiyrt thóra
eiyrt tóir
eiyrt tóra
eiyrtyn thóireacha
eiyrtyn tóireacha
el el
elm elm
else else
engine engine
enjoyed enjoyed
enmey ainm
enmyn ainmneacha
enmyn b'ainmneacha
ennym ainm
ennym b'ainm
ennym t-ainm
enough enough
er air
er ar
er-ash ar ais
er-chee ar tí
er-egin ar éigean
er-giyn dar gcionn
er-jerrey faoi dheireadh
er-lheh ar leith
er-nonney nó
er-shaghryn ar seachrán
er-troailt i dtinneas clainne
er-çhee ar tí
erash ar ais
erriu oraibh
erriuish oraibhse
erskyn os cionn
erson ar son
ersyn airsean
es es
eshyn eisean
eshyn seisean
et et
etc etc
ethic ethic
euro euro
evening evening
event event
ever ever
every every
everyone everyone
ex ex
excellence excellence
excuse excuse
eyes eyes
faayl sleáin
faayl sleán
faayl tsleáin
faaylyn sleánta
face face
facing facing
facto facto
faik bhfeic
faik feic
faik-jee bhfeicigí
faik-jee feicigí
faikinit b'fheicthe
faikinit feicthe
far-chrackan scannáin
far-chrackan scannán
far-chrackanyn scannáin
far-chrackanyn scannán
far-chraitnyn scannáin
far-chraitnyn scannán
farang b'fharaing
farang faraing
farang farainge
farangyn b'fharaingí
farangyn faraingí
farchrackan scannáin
farchrackan scannán
farchraitnyn scannáin
farchraitnyn scannán
fat fat
fate fate
father father
fear fear
feel feel
feet feet
feeu fiú
fegooish gan
few few
fiche fiche
field field
file file
filled filled
filming filming
find find
finished finished
first first
fish fish
fisherman fisherman
fishing fishing
five five
flag flag
flowers flowers
fo faoi
foddee b'fhéidir
foddey i bhfad
foee fúithi
foeeish fúithise
foin fúinn
foinyn fúinne
folk folk
follow follow
following following
food food
foot foot
football football
for for
forty forty
forward forward
fosyn faoisean
foue fúthu
fouesyn fúthusan
found found
four four
foyd fút
foyds fútsa
foym fúm
foyms fúmsa
free free
friend friend
friends friends
from from
fuel fuel
full full
funny funny
fy-yerrey faoi dheireadh
gagh-laa gach lá
game game
gave gave
geeagh gcíche
geeagh gcíoch
geeaghyn gcíoch
geeaghyn gcíocha
geeall gciall
geeall gcéille
geeallyn gciall
geeallyn gcialla
geek geek
gesmad gcéim
gesmad gcéime
gesmadyn gcéimeanna
get get
getting getting
gey n-uachtair
gey n-uachtar
ghaa dhá
ghea dteite
ghea dteitheadh
ghea dteithfear
ghea dteithfidh
ghea theithfear
ghea theithfidh
gheaagh dteithfeadh
gheaagh theithfeadh
gheain dteithfinn
gheain theithfinn
gheamayd dteithfimid
gheamayd theithfimid
gheaym dteithfidh
gheaym theithfidh
ghoghe ghabhfadh
ghoin ghabhfainn
ghoit ghafa
ghoo bhriathair
ghoo bhriathar
ghoo cháil
ghoo cháile
ghoo ghuth
ghoo ghutha
ghoour dhamba
ghoouryn dhambaí
ghooyn bhriathra
ghooyn cháileanna
ghooyn ghuthanna
ghounsternee amhastrach
ghounsternee amhastraí
ghounstyrnee amhastrach
ghounstyrnee amhastraí
ghow ghabh
ghow ngabh
ghow-jee ghabhaigí
ghowaltys ghabháltais
ghowaltys ghabháltas
ghowaltysyn ghabháltais
ghowaltysyn ghabháltas
ghoys gabhfaidh
ghoys ghabhfaidh
ghoys ngabhfaidh
giarey-çhymmylt timpeallghearradh
giarey-çhymmylt timpeallghearrtha
giarrey-çhymmylt timpeallghearradh
giarrey-çhymmylt timpeallghearrtha
give give
glad glad
glaghan gclocháin
glaghan gclochán
glaghanyn gclocháin
glaghanyn gclochán
glance glance
gleebyn talamh féaraigh
go go
goes goes
goghe ghabhfadh
goghe ngabhfadh
goin ghabhfainn
goin ngabhfainn
going going
goit gafa
goo briathair
goo briathar
goo cáil
goo cáile
goo guth
goo gutha
good good
gooin chúnófar
gooin chúnóidh
gooin gcúnófar
gooin gcúnóidh
gooinagh chúnódh
gooinagh gcúnódh
gooinin chúnóinn
gooinin gcúnóinn
gooinmayd chúnóimid
gooinmayd gcúnóimid
gooinym chúnóidh
gooinym gcúnóidh
gooyn briathra
gooyn cáileanna
gooyn guthanna
got got
gounsternee amhastrach
gounsternee amhastraí
gounsternee b'amhastrach
gounsternee d'amhastrach
gounsternee d'amhastraí
gounsternee hamhastrach
gounsternee hamhastraí
gounsternee m'amhastrach
gounsternee m'amhastraí
gounstyrnee amhastrach
gounstyrnee amhastraí
gounstyrnee b'amhastrach
gounstyrnee d'amhastrach
gounstyrnee d'amhastraí
gounstyrnee hamhastrach
gounstyrnee hamhastraí
gounstyrnee m'amhastrach
gounstyrnee m'amhastraí
gow gabh
gow ngabh
gow-jee gabhaigí
gow-jee ngabhaigí
gowaltys gabháltais
gowaltys gabháltas
gowaltysyn gabháltais
gowaltysyn gabháltas
gowee gabhfaidh
gowee gabhfar
gowee ghabhfaidh
gowee ghabhfar
gowee ngabhfaidh
gowee ngabhfar
gowmayd gabhfaimid
gowmayd ghabhfaimid
gowmayd ngabhfaimid
goym gabhfaidh
goym ghabhfaidh
goym ngabhfaidh
grantessen dtrastomhais
grantessen dtrastomhas
grantessenyn dtrastomhais
grantessenyn dtrastomhas
great great
greeting greeting
greetings greetings
groovy groovy
grumpy grumpy
gu gu
gy-baase chun báis
gy-bragh go brách
gy-kione chun críche
gybragh go brách
gyn gan
gyn-ayr gan athair
hOogandagh hUgandach
hOogandagh hUgandaigh
hOogandee hUgandach
hOogandee hUgandaigh
ha ha
haalin hálainn
haha haha
hahaha hahaha
haiku haiku
hair hair
half half
hand hand
happened happened
happy happy
harmonium harmonium
harree thairsti
harreeish thairstise
harrin tharainn
harrinyn tharainne
harrish thairis
harrish thar
harrishdiu tharaibh
harrishdiuish tharaibhse
harrishyn thairis-sean
harriu tharaibh
harriuish tharaibhse
harroo tharstu
harroosyn tharstusan
harryd tharat
harryds tharatsa
harrym tharam
harryms tharamsa
harrystoo tharstu
harrystoosyn tharstusan
has has
hashoon náisiúin
hashoon náisiún
hashoonyn náisiúin
hashoonyn náisiún
have have
haven't haven't
he he
hea dteith
hea theite
hea theith
hea theitheadh
hea-jee theithigí
heaagh theithfeadh
heain theithfinn
heait theite
hear hear
heard heard
heays dteithfidh
heays teithfidh
heays theithfidh
hed gabhfaidh
hed gabhfar
hed ghabhfaidh
hed ngabhfaidh
hee bhfeicfidh
hee feicfear
hee feicfidh
hee fheicfidh
heeagh d'fheicfeadh
heeanchoryssaghtys fhóineolaíocht
heeanchoryssaghtys fhóineolaíochta
heeanlee héanlaith
heeanlee héanlaithe
heein d'fheicfinn
heemayd feicfimid
heer-vio ilbhliantúil
heer-vio ilbhliantúla
heeym feicfidh
heiyrt tóir
heiyrt tóra
heiyrtyn tóireacha
hem gabhfaidh
hemmayd gabhfaimid
hengoayllee theangeolaí
hengoaylleeaght theangeolaíocht
hengoaylleeaght theangeolaíochta
hengoaylleeyn theangeolaithe
henmey hainm
henmyn hainmneacha
hennym hainm
her her
here here
heshengoaylleeaght shochtheangeolaíocht
heshengoaylleeaght shochtheangeolaíochta
hey-chassagh fheithid
hey-chassagh fheithide
hey-chassee fheithidí
hie ghabh
high high
hilley theilifíseáin
hilley theilifíseán
hills hills
him him
himself himself
hirree-seose-reesht haiséirí
his his
hiyr dheifir
hiyr dheifre
hoalt sciobóil
hoalt scioból
hoalt shabhaill
hoalt shabhall
hoaltyn sciobóil
hoaltyn scioból
hoaltyn shabhaill
hoaltyn shabhall
holiday holiday
holidays holidays
home home
honnick chonaic
hooh hubh
hooh huibhe
hooha cré-umha
hoohyn huibheacha
hope hope
hot hot
hour hour
house house
hurry hurry
hymsaghey thiomsaithe
hymsaghey thiomsú
hymsee dtiomsaigh
hymsee thiomsaigh
hymsee-jee thiomsaígí
hymseeagh thiomsódh
hymseein thiomsóinn
hymsit thiomsaithe
hymsys dtiomsóidh
hymsys thiomsóidh
hymsys tiomsóidh
hyn hyn
iPad iPad
iPhone iPhone
ice ice
identity identity
ie ie
if if
image image
in in
indeed indeed
information information
interesting interesting
intervals intervals
into into
irree-seose-reesht aiséirí
irree-seose-reesht b'aiséirí
irree-seose-reesht t-aiséirí
is is
ish ise
ish sise
island island
isle isle
isn't isn't
it's it's
its its
j'ee di
j'eeish dise
j'eu díobh
j'eusyn díobhsan
j'in dínn
j'inyn dínne
j'iu díbh
j'iuish díbhse
jagh ghabh
jagh ngabh
jea dteite
jea dteitheadh
jea dteithfear
jea dteithfidh
jea theithfear
jea theithfidh
jeaagh dteithfeadh
jeaagh theithfeadh
jeain dteithfinn
jeain theithfinn
jeamayd dteithfimid
jeamayd theithfimid
jean dhéanfaidh
jean dhéanfar
jean déan
jean ndéan
jean ndéanfaidh
jean ndéanfar
jean-jee déanaigí
jean-jee ndéanaigí
jeanmayd dhéanfaimid
jeanmayd ndéanfaimid
jeant déanta
jeant-magh sásta
jeant-mee sásta
jeanym dhéanfaidh
jeanym ndéanfaidh
jeaym dteithfidh
jeaym theithfidh
jed ghabhfaidh
jed ghabhfar
jed ngabhfaidh
jed ngabhfar
jee di
jeeagh bhféach
jeeagh féach
jeeagh-jee bhféachaigí
jeeagh-jee féachaigí
jeeaghee féachfaidh
jeeaghee féachfar
jeeaghit b'fhéachta
jeeaghit féachta
jeeaghmayd féachfaimid
jeeaghym féachfaidh
jeeish dise
jeirk déirc
jeirk déirce
jem ghabhfaidh
jem ngabhfaidh
jemmayd ghabhfaimid
jemmayd ngabhfaimid
jengoayllee dteangeolaí
jengoaylleeaght dteangeolaíocht
jengoaylleeaght dteangeolaíochta
jengoaylleeyn dteangeolaithe
jeu díobh
jeusyn díobhsan
jilley dteilifíseáin
jilley dteilifíseán
jin dínn
jinnagh dhéanfadh
jinnagh ndéanfadh
jinnin dhéanfainn
jinnin ndéanfainn
jinyn dínne
jiu díbh
jiu inniu
jiuish díbhse
journey journey
jpg jpg
jus ar éigean
just just
jymsaghey dtiomsú
jymsee dtiomsófar
jymsee dtiomsóidh
jymsee thiomsófar
jymsee thiomsóidh
jymseeagh dtiomsódh
jymseeagh thiomsódh
jymseein dtiomsóinn
jymseein thiomsóinn
jymseemayd dtiomsóimid
jymseemayd thiomsóimid
jymseeym dtiomsóidh
jymseeym thiomsóidh
keeagh cíche
keeagh cíoch
keeaghyn cíoch
keeaghyn cíocha
keeall ciall
keeall céille
keeallyn ciall
keeallyn cialla
kesmad céim
kesmad céime
kesmadyn céimeanna
kettle kettle
key b'uachtar
key d'uachtair
key d'uachtar
key huachtair
key huachtar
key m'uachtair
key m'uachtar
key t-uachtar
key uachtair
key uachtar
kg kg
kinjagh i gcónaí
kiongoyrt os comhair
kiss kiss
km km
knackered knackered
know know
ks ks
kys conas
la la
lang lang
lang-ru lang-ru
language language
last last
late late
later later
laue-yesh lámh dheas
launch launch
law law
le le
leah luaith
leah luaithe
leah luath
leah luatha
learn learn
learning learning
leave leave
lecture lecture
leis leis
lesh le
lesh leis
leshyn leis-sean
less less
letter letter
lh'ee léi
lh'eeish léise
lheah luaith
lheah luaithe
lheah luath
lheah luatha
lhee léi
lhee-obbee asarlaí
lhee-obbee b'asarlaí
lhee-obbee d'asarlaí
lhee-obbee hasarlaí
lhee-obbee m'asarlaí
lhee-obbee n-asarlaí
lhee-obbee t-asarlaí
lheeghyn-obbee asarlaithe
lheeghyn-obbee b'asarlaithe
lheeghyn-obbee d'asarlaithe
lheeghyn-obbee hasarlaithe
lheeghyn-obbee m'asarlaithe
lheeghyn-obbee n-asarlaithe
lheeish léise
lhein linn
lheinyn linne
lhiam liom
lhiams liomsa
lhiannoo-mac leanbh fir
lhiat leat
lhiats leatsa
lhiattee-har taobh thoir
lhiattee-heear taobh thiar
lhien linn
lhienyn linne
lhieu leo
lhieu libh
lhieuish libhse
lhieusyn leosan
lhiu libh
lhiuish libhse
lies lies
life life
lift lift
like like
liked liked
lingua lingua
lioar-laa dhialainne
lioar-laa dhialann
lioar-laa dialainne
lioar-laa dialann
lioar-laa ndialainne
lioar-laa ndialann
lioaryn-laa dhialann
lioaryn-laa dhialanna
lioaryn-laa dialann
lioaryn-laa dialanna
lioaryn-laa ndialann
lioaryn-laa ndialanna
listen listen
listening listening
little little
litçheragh leisciúil
litçheragh leisciúla
litçheree leisciúla
live live
lives lives
living living
loads loads
loish lóis
loish lóise
loishyn lóiseanna
long long
longer longer
look look
looked looked
looking looking
lord lord
love love
loved loved
luck luck
lurg i ndiaidh
m'Oogandagh m'Ugandach
m'Oogandagh m'Ugandaigh
m'Oogandee m'Ugandach
m'Oogandee m'Ugandaigh
m'aayl sleáin
m'aayl sleán
m'aaylyn sleánta
m'ar-chrackan scannáin
m'ar-chrackan scannán
m'ar-chrackanyn scannáin
m'ar-chrackanyn scannán
m'ar-chraitnyn scannáin
m'ar-chraitnyn scannán
m'arang m'fharaing
m'arang m'fharainge
m'arangyn m'fharaingí
m'archrackan scannáin
m'archrackan scannán
m'archraitnyn scannáin
m'archraitnyn scannán
m'ashoon náisiúin
m'ashoon náisiún
m'ashoonyn náisiúin
m'ashoonyn náisiún
m'eaneeckagh m'Fhéiníceach
m'eaneeckagh m'Fhéinícigh
m'eaneeckee m'Fhéiníceach
m'eaneeckee m'Fhéinícigh
m'eeanlee m'éanlaith
m'eeanlee m'éanlaithe
m'eiyrt tóir
m'eiyrt tóra
m'eiyrtyn tóireacha
m'enmey m'ainm
m'enmyn m'ainmneacha
m'ennym m'ainm
m'irree-seose-reesht m'aiséirí
m'ooh m'ubh
m'ooh m'uibhe
m'ooha cré-umha
m'oohyn m'uibheacha
maase b'eallach
maase d'eallach
maase d'eallaigh
maase eallach
maase eallaigh
maase heallach
maase heallaigh
maase m'eallach
maase m'eallaigh
maase n-eallach
maase n-eallaigh
maase t-eallach
maaseyn b'eallaí
maaseyn d'eallaí
maaseyn eallaí
maaseyn heallaí
maaseyn m'eallaí
maaseyn n-eallaí
machines machines
made made
main sinn
mainyn sinne
major major
make make
making making
man man
manga manga
mannagh mura
manx manx
many many
mar mar
mast' i measc
mastey i measc
maths maths
matter matter
maybe maybe
mdash mdash
meal meal
means means
meat meat
media media
medicinal medicinal
mee bheidh
mee bheifear
mee mbeidh
mee mbeifear
mee mé
mee'm bheidh
mee'm mbeidh
meemayd bheimid
meemayd mbeimid
meg meg
men mbean
met met
mi mi
midday midday
midnight midnight
miles miles
milk milk
minor minor
minutes minutes
mish mise
misty misty
mm mm
mo mo
mobile mobile
mol mol
more more
morning morning
most most
mother mother
mraane ban
mraane mban
mraane mná
mreih mná
much much
mum mum
music music
must must
mutation mutation
my mo
myleeaney i mbliana
myn-heean b'fhóinéim
myn-heean bhfóinéim
myn-heean bhfóinéime
myn-heean d'fhóinéim
myn-heean d'fhóinéime
myn-heean fóinéim
myn-heean fóinéime
myn-heean m'fhóinéim
myn-heean m'fhóinéime
myn-heeanyn b'fhóinéimí
myn-heeanyn bhfóinéimí
myn-heeanyn d'fhóinéimí
myn-heeanyn fóinéimí
myn-heeanyn m'fhóinéimí
myn-hengaghyn mionteangacha
myn-hengey mionteanga
mynolt b'orgánaid
mynolt d'orgánaid
mynolt d'orgánaide
mynolt horgánaid
mynolt horgánaide
mynolt m'orgánaid
mynolt m'orgánaide
mynolt n-orgánaid
mynolt n-orgánaide
mynolt orgánaid
mynolt orgánaide
mynoltyn b'orgánaidí
mynoltyn d'orgánaidí
mynoltyn horgánaidí
mynoltyn m'orgánaidí
mynoltyn n-orgánaidí
mynoltyn orgánaidí
myself myself
mé mé
na ná
naim b'uncail
naim d'uncail
naim huncail
naim m'uncail
naim n-uncail
naim t-uncail
naim uncail
naimyn b'uncailí
naimyn d'uncailí
naimyn huncailí
naimyn m'uncailí
naimyn n-uncailí
naimyn uncailí
name name
nan nan
nashoon náisiúin
nashoon náisiún
nashoonyn náisiúin
nashoonyn náisiún
national national
nearly nearly
nee dhéanfaidh
nee déanfaidh
nee déanfar
nee ndéanfaidh
neealloo i dtreo
neeanlee n-éanlaith
neeanlee n-éanlaithe
neemayd déanfaimid
neeym déanfaidh
neiyrt dtóir
neiyrt dtóra
neiyrtyn dtóireacha
nenmey n-ainm
nenmyn n-ainmneacha
nennym n-ainm
never never
news news
nf nf
ngiarey-çhymmylt dtimpeallghearradh
ngiarey-çhymmylt dtimpeallghearrtha
ngiarrey-çhymmylt dtimpeallghearradh
ngiarrey-çhymmylt dtimpeallghearrtha
ngoo gcáil
ngoo gcáile
ngoo mbriathair
ngoo mbriathar
ngoo nguth
ngoo ngutha
ngooyn gcáileanna
ngooyn mbriathra
ngooyn nguthanna
ngounsternee n-amhastrach
ngounsternee n-amhastraí
ngounstyrnee n-amhastrach
ngounstyrnee n-amhastraí
ngowaltys ngabháltais
ngowaltys ngabháltas
ngowaltysyn ngabháltais
ngowaltysyn ngabháltas
niee nigh
niee nite
niee ní
niee nífear
niee nífidh
niee-jee nígí
nieeagh nífeadh
nieein nífinn
nieemayd nífimid
nieeym nífidh
night night
nihongo nihongo
niit nite
nirree-seose-reesht n-aiséirí
niys nífidh
nm nm
no no
noght anocht
noi in aghaidh
nooh n-ubh
nooh n-uibhe
nooha gcré-umha
noohyn n-uibheacha
noour ndamba
noouryn ndambaí
nor nor
north north
not not
nothing nothing
noun noun
nuclear nuclear
numbers numbers
nursery nursery
ny na
ny ná
ny níos
ny nó
ny-sheyn láithreach
nyn a
nyn bhur
nyn ár
o'clock o'clock
oast ósta
oc acu
ocsyn acusan
octave octave
of of
off off
often often
old old
on on
one one
only only
oo thú
oo tú
ooh b'ubh
ooh ubh
ooh uibhe
ooha chré-umha
ooha cré-umha
oohyn b'uibheacha
oohyn uibheacha
or or
order-caggee eagar catha
org org
orrin orainn
orrinyn orainne
orroo orthu
orroosyn orthusan
orrym orm
orryms ormsa
ort ort
orts ortsa
our our
out out
over over
own own
pH pH
park park
part part
people people
person person
phhylum fhíleam
phhylum fhílim
phylum b'fhíleam
phylum d'fhíleam
phylum d'fhílim
phylum fíleam
phylum fílim
phylum m'fhíleam
phylum m'fhílim
pig pig
pigsty pigsty
pinyin pinyin
pl pl
place place
plastaid plastaid
play play
playing playing
please please
pm pm
png png
pool pool
poor poor
porridge porridge
prefer prefer
preparation preparation
pretty pretty
probably probably
programme programme
project project
pron pron
proportion proportion
proverbs proverbs
public public
published published
purposes purposes
put put
quail in araicis
quality quality
quick quick
quickly quickly
ragh ghabhfadh
ragh ngabhfadh
raghin ghabhfainn
raghin ngabhfainn
rain rain
raining raining
ran ran
rather rather
read read
really really
recently recently
reckon reckon
rect rect
ren rinne
report report
rich rich
riddle riddle
rieau riamh
right right
road road
roar-bree ghluaisrothair
roar-bree ghluaisrothar
roar-bree gluaisrothair
roar-bree gluaisrothar
roar-bree ngluaisrothair
roar-bree ngluaisrothar
roaryn-bree ghluaisrothair
roaryn-bree ghluaisrothar
roaryn-bree gluaisrothair
roaryn-bree gluaisrothar
roaryn-bree ngluaisrothair
roaryn-bree ngluaisrothar
rouyr an iomarca
rubbish rubbish
ruggyree breithe
rules rules
ry le
ry-hoi le haghaidh
said said
sail sail
saw saw
say say
school school
sea sea
second second
see see
seen seen
service service
shall shall
sheeanchoryssaghtys b'fhóineolaíocht
sheeanchoryssaghtys bhfóineolaíocht
sheeanchoryssaghtys bhfóineolaíochta
sheeanchoryssaghtys d'fhóineolaíocht
sheeanchoryssaghtys d'fhóineolaíochta
sheeanchoryssaghtys fóineolaíocht
sheeanchoryssaghtys fóineolaíochta
sheeanchoryssaghtys m'fhóineolaíocht
sheeanchoryssaghtys m'fhóineolaíochta
sheep sheep
sheer-vio b'ilbhliantúil
sheer-vio b'ilbhliantúla
sheer-vio hilbhliantúil
sheer-vio ilbhliantúil
sheer-vio ilbhliantúla
sheet sheet
sheshengoaylleeaght sochtheangeolaíocht
sheshengoaylleeaght sochtheangeolaíochta
shey-chassagh b'fheithid
shey-chassagh bhfeithid
shey-chassagh bhfeithide
shey-chassagh d'fheithid
shey-chassagh d'fheithide
shey-chassagh feithid
shey-chassagh feithide
shey-chassagh m'fheithid
shey-chassagh m'fheithide
shey-chassee b'fheithidí
shey-chassee bhfeithidí
shey-chassee d'fheithidí
shey-chassee feithidí
shey-chassee m'fheithidí
shirt shirt
shiu sibh
shiuish sibhse
shop shop
shopping shopping
short short
should should
shower shower
sic sic
sight sight
signs signs
since since
sister sister
sisters sisters
sit sit
siyr deifir
siyr deifre
siyr ndeifir
siyr ndeifre
sleep sleep
slept slept
smoke smoke
snow snow
so so
soalt sabhaill
soalt sabhall
soalt sciobóil
soalt scioból
soalt tsabhaill
soaltyn sabhaill
soaltyn sabhall
soaltyn sciobóil
soaltyn scioból
social social
softens softens
sol sol
solace solace
soldiers soldiers
some some
someone someone
something something
soon soon
sorry sorry
sounds sounds
soup soup
south south
speak speak
speaker speaker
speaking speaking
springs springs
squally squally
st st
stand stand
stay stay
staying staying
sticks sticks
stone stone
stormy stormy
story story
straight straight
strange strange
street street
strong strong
stuck stuck
stuff stuff
sum sum
sun sun
sunny sunny
supposed supposed
svg svg
swan swan
sweet sweet
swimming swimming
syns i
syns in
system system
take take
talking talking
taught taught
tax tax
tea tea
teach teach
teaching teaching
tell tell
ten ten
terms terms
terrible terrible
terribly terribly
tha tha
than than
thanks thanks
that that
the the
their their
them them
then then
there there
these these
they they
thing thing
think think
this this
through through
till till
time time
times times
tired tired
tiyr deifir
tiyr deifre
to to
toalt sabhall
toalt scioból
toast toast
today today
tomorrow tomorrow
tonight tonight
took took
top top
town town
tr tr
transl transl
trousers trousers
true true
trust trust
ts ts
turns turns
tweeting tweeting
twelve twelve
twitter twitter
two two
ugh ugh
um um
under under
understand understand
up up
upon upon
urree uirthi
urreeish uirthise
us us
va bhí
vaase eallach
vaase eallaigh
vaaseyn eallaí
vaayl sleáin
vaayl sleán
vaaylyn sleánta
vaik bhfeicfear
vaik bhfeicfidh
vaik chonaic
vaik fheicfear
vaik fheicfidh
vaik gconaic
vaikagh bhfeicfeadh
vaikagh fheicfeadh
vaikin bhfeicfinn
vaikin fheicfinn
vaikmayd bhfeicfimid
vaikmayd fheicfimid
vaikym bhfeicfidh
vaikym fheicfidh
var-chrackan scannáin
var-chrackan scannán
var-chrackanyn scannáin
var-chrackanyn scannán
var-chraitnyn scannáin
var-chraitnyn scannán
varang bhfaraing
varang bhfarainge
varangyn bhfaraingí
varchrackan scannáin
varchrackan scannán
varchraitnyn scannáin
varchraitnyn scannán
vb vb
veagh bheadh
vee bhí
vee-jee bhígí
vees beidh
vees bheidh
vees mbeidh
veign bheinn
veih uaidh
veihsyn uaidhsean
ven bhean
vending vending
verb verb
very very
veue uaibh
veueish uaibhse
via via
videos videos
visit visit
visiting visiting
vlah bhogthe
voee uaithi
voeeish uaithise
void uait
voids uaitse
voin uainn
voinyn uainne
voish uaidh
voishyn uaidhsean
voue uathu
vouesyn uathusan
voyd uait
voyds uaitse
voym uaim
voyms uaimse
vraane bhan
vraane mhná
vraew bhreá
vraew bhreátha
vreaw bhreá
vreaw bhreátha
vreih mhná
vulgaris vulgaris
vyn-heean fhóinéim
vyn-heean fhóinéime
vyn-heeanyn fhóinéimí
vyn-hengaghyn mhionteangacha
vyn-hengey mhionteanga
vynolt orgánaid
vynolt orgánaide
vynoltyn orgánaidí
want want
was was
weather weather
went went
what what
white white
will will
with with
wonderful wonderful
would would
y an
yeah yeah
yean dhéan
yean-jee dhéanaigí
yeant dhéanta
yeant-magh shásta
yeant-mee shásta
year year
yeeagh bhféach
yeeagh bhféachfaidh
yeeagh bhféachfar
yeeagh d'fhéach
yeeagh fhéach
yeeagh fhéachfaidh
yeeagh fhéachfar
yeeagh-jee fhéachaigí
yeeaghagh bhféachfadh
yeeaghagh d'fhéachfadh
yeeaghagh fhéachfadh
yeeaghin bhféachfainn
yeeaghin d'fhéachfainn
yeeaghin fhéachfainn
yeeaghit fhéachta
yeeaghmayd bhféachfaimid
yeeaghmayd fhéachfaimid
yeeaghym bhféachfaidh
yeeaghym fhéachfaidh
yeeaghys bhféachfaidh
yeeaghys fhéachfaidh
yeeaghys féachfaidh
yeirk dhéirc
yeirk dhéirce
yeirk ndéirc
yeirk ndéirce
yes yes
yesterday yesterday
yet yet
yiarey-çhymmylt thimpeallghearradh
yiarey-çhymmylt thimpeallghearrtha
yiarrey-çhymmylt thimpeallghearradh
yiarrey-çhymmylt thimpeallghearrtha
yinnagh dhéanfadh
yinnin dhéanfainn
yn an
you you
you're you're
young young
your your
yr yr
zh zh
Átha Átha
Éadaigh Éadaigh
Éadair Éadair
Éamon Éamon
Éamonn Éamonn
Éige Éige
Éireann Éireann
Úna Úna
çhea dteith
çhea teite
çhea teith
çhea teitheadh
çhea-jee dteithigí
çhea-jee teithigí
çheaee teithfear
çheaee teithfidh
çheait teite
çheamayd teithfimid
çheaym teithfidh
çheeanchoryssaghtys fóineolaíocht
çheeanchoryssaghtys fóineolaíochta
çhengoayllee teangeolaí
çhengoaylleeaght teangeolaíocht
çhengoaylleeaght teangeolaíochta
çhengoaylleeyn teangeolaithe
çheshengoaylleeaght tsochtheangeolaíocht
çheu-har taobh thoir
çheu-heear taobh thiar
çhey-chassagh feithid
çhey-chassagh feithide
çhilley teilifíseáin
çhilley teilifíseán
çhymsaghey dtiomsaithe
çhymsaghey tiomsaithe
çhymsaghey tiomsú
çhymsee dtiomsaigh
çhymsee tiomsaigh
çhymsee tiomsófar
çhymsee tiomsóidh
çhymsee-jee dtiomsaígí
çhymsee-jee tiomsaígí
çhymseemayd tiomsóimid
çhymseeym tiomsóidh
çhymsit tiomsaithe
Ōba Ōba
